{
  "coefficients": {
    "a_y[t]": 1.7290305549107918,
    "a_y[t-1]": -0.7710619560288959,
    "action[t]": 0.07269397180790886,
    "roll[t]": 0.025185222483157528,
    "v_ego[t]": -0.00024656323414362635,
    "bias": 0.000785876733910805
  },
  "rmse": 0.052549138313211945,
  "r2": 0.9872638434099957
}